{
    "$schema": "https://schema.management.azure.com/schemas/2018-05-01/subscriptionDeploymentTemplate.json#",
    "contentVersion": "1.0.0.0",
    "parameters": {
        "policyAssignmentName": {
            "type": "string"
        },
        "rbacRoleId": {
            "type": "string",
            "defaultValue": "b24988ac-6180-42a0-ab88-20f7382dd24c"
        }
    },
    "variables": {
        "rbacGuid": "[guid(concat(subscription().id,parameters('policyAssignmentName'),parameters('rbacRoleId')))]"
    },
    "resources": [
        {
            "type": "Microsoft.Authorization/roleAssignments",
            "apiVersion": "2019-04-01-preview",
            "name": "[variables('rbacGuid')]",
            "properties": {
                "roleDefinitionId": "[concat(subscription().id, '/providers/Microsoft.Authorization/roleDefinitions/', parameters('rbacRoleId'))]",
                // The principalType property will tell Microsoft.Authorization not to perform the check for existence on your principal ID during roleAssignment creation
                "principalType": "ServicePrincipal",
                // Using logical operators to determine whether the deployment is running in single vs cross-tenant context
                "delegatedManagedIdentityResourceId": "[if(not(empty(subscription().managedByTenants)), concat(subscription().id, '/providers/Microsoft.Authorization/policyAssignments/', parameters('policyAssignmentName')), json('null'))]",
                "principalId": "[toLower(reference(concat(subscription().id, '/providers/Microsoft.Authorization/policyAssignments/', parameters('policyAssignmentName')), '2018-05-01', 'Full' ).identity.principalId)]"
            }
        }
    ]
}