{
  "$schema": "https://schema.management.azure.com/schemas/2019-04-01/deploymentTemplate.json#",
  "contentVersion": "1.0.0.0",
  "parameters": {
    "vnetName": {
      "type": "string",
      "metadata": {
        "description": "The VNET name."
      }
    },
    "subnetName1": {
      "type": "string",
      "metadata": {
        "description": "the first subnet's name"
      }    
    },
    "subnetName2": {
      "type": "string",
      "metadata": {
        "description": "the second subnet's name"
      }
    },
    "subnetName3": {
      "type": "string",
      "metadata": {
        "description": "the third subnet's name"
      }
    },
    "vnetAddress": {
      "type": "string",
      "metadata": {
        "description": "The address space in CIDR notation for the new virtual network."
      }
    },
    "subnet1Address": {
      "type": "string",
      "metadata": {
        "description": "The address range in CIDR notation for the shared services subnet."
      }
    },
    "subnet2Address": {
      "type": "string",
      "metadata": {
        "description": "The address range in CIDR notation for the shared Management subnet."
      }
    },
    "subnet3Address": {
      "type": "string",
      "metadata": {
        "description": "the address range in CIDR notation for the GatewaySubnet"
      }
    },
    "tags": {
      "type": "object",
      "metadata":{
        "description": "Common Tags"
      }
    }
  },
  "variables": {
    "subnet1NsgName": "[toupper(concat(parameters('subnetName1'),'-nsg'))]",
    "subnet2NsgName": "[toupper(concat(parameters('subnetName2'),'-nsg'))]"
  },
  "resources": [
    {
      "apiVersion": "2017-06-01",
      "type": "Microsoft.Network/virtualNetworks",
      "name": "[parameters('vnetName')]",
      "location": "[resourceGroup().location]",
      "tags": "[parameters('tags')]",
      "properties": {
        "addressSpace": {
          "addressPrefixes": [
            "[parameters('vnetAddress')]"
          ]
        },
        "subnets": [
          {
            "name": "[parameters('subnetName1')]",
            "properties": {
              "addressPrefix": "[parameters('subnet1Address')]"

            }
          },

          {
            "name": "[parameters('subnetName2')]",
            "properties": {
              "addressPrefix": "[parameters('subnet2Address')]"

            }

          },
          {
            "name": "[parameters('subnetName3')]",
            "properties": {
              "addressPrefix": "[parameters('subnet3Address')]"
            }
          }
          
        ]
      }
    },
    {
      "name": "[variables('subnet1NsgName')]",
      "type": "Microsoft.Network/networkSecurityGroups",
      "apiVersion": "2017-11-01",
      "location": "[resourceGroup().location]",
      "tags": "[parameters('tags')]",
      "properties": {
        "securityRules": [
        ]
      }
    },
    {
      "name": "[variables('subnet2NsgName')]",
      "type": "Microsoft.Network/networkSecurityGroups",
      "apiVersion": "2017-11-01",
      "location": "[resourceGroup().location]",
      "tags": "[parameters('tags')]",
      "properties": {
        "securityRules": [
        ]
      }
    }    
  ]
}