{
    "$schema": "https://schema.management.azure.com/schemas/2019-04-01/deploymentTemplate.json#",
    "contentVersion": "1.0.0.0",
    "parameters": {
        "workspaceName": {
            "type": "string",
            "metadata": {
                "description": "Assign a name for the Log Analytic Workspace Name"
            }
        },
        "workspaceRegion": {
            "type": "string",
            "metadata": {
                "description": "Specify the region for your Workspace"
            }
        }
    },
    "variables": {
        "batch1": {
            "solutions": [
                {
                    "name": "[concat('Updates', '(', parameters('workspaceName'), ')')]",
                    "marketplaceName": "Updates"
                },
                {
                    "name": "[concat('AzureAutomation', '(', parameters('workspaceName'), ')')]",
                    "marketplaceName": "AzureAutomation"
                }
            ]
        }
    },
    "resources": [
        {
            "apiVersion": "2017-03-15-preview",
            "location": "[parameters('workspaceRegion')]",
            "name": "[parameters('workspaceName')]",
            "type": "Microsoft.OperationalInsights/workspaces",
            "comments": "Log Analytics workspace",
            "properties": {
                "sku": {
                        "name": "PerGB2018"
                    },
                "retentionInDays": 180
            },
            "resources": [
                {
                    "type": "dataSources",
                    "apiVersion": "2015-11-01-preview",
                    "name": "VMInsights-Processor-PercentProcessorTime",
                    "dependsOn": [
                        "[concat('Microsoft.OperationalInsights/workspaces/', parameters('workspaceName'))]"
                    ],
                    "kind": "WindowsPerformanceCounter",
                    "properties": {
                        "objectName": "Processor",
                        "instanceName": "_Total",
                        "intervalSeconds": 60,
                        "counterName": "% Processor Time"
                    }
                },
                {
                    "type": "dataSources",
                    "apiVersion": "2015-11-01-preview",
                    "name": "VMInsights-NetworkAdapter-BytesSent-sec",
                    "dependsOn": [
                        "[concat('Microsoft.OperationalInsights/workspaces/', parameters('workspaceName'))]"
                    ],
                    "kind": "WindowsPerformanceCounter",
                    "properties": {
                        "objectName": "Network Adapter",
                        "instanceName": "*",
                        "intervalSeconds": 60,
                        "counterName": "Bytes Sent/sec"
                    }
                },
                {
                    "type": "dataSources",
                    "apiVersion": "2015-11-01-preview",
                    "name": "VMInsights-NetworkAdapter-BytesReceived-sec",
                    "dependsOn": [
                        "[concat('Microsoft.OperationalInsights/workspaces/', parameters('workspaceName'))]"
                    ],
                    "kind": "WindowsPerformanceCounter",
                    "properties": {
                        "objectName": "Network Adapter",
                        "instanceName": "*",
                        "intervalSeconds": 60,
                        "counterName": "Bytes Received/sec"
                    }
                },
                {
                    "type": "dataSources",
                    "apiVersion": "2015-11-01-preview",
                    "name": "VMInsights-Memory-AvailableMBytes",
                    "dependsOn": [
                        "[concat('Microsoft.OperationalInsights/workspaces/', parameters('workspaceName'))]"
                    ],
                    "kind": "WindowsPerformanceCounter",
                    "properties": {
                        "objectName": "Memory",
                        "instanceName": "*",
                        "intervalSeconds": 60,
                        "counterName": "Available MBytes"
                    }
                },
                {
                    "type": "dataSources",
                    "apiVersion": "2015-11-01-preview",
                    "name": "VMInsights-Memory-PercentCommittedBytesInUse",
                    "dependsOn": [
                        "[concat('Microsoft.OperationalInsights/workspaces/', parameters('workspaceName'))]"
                    ],
                    "kind": "WindowsPerformanceCounter",
                    "properties": {
                        "objectName": "Memory",
                        "instanceName": "*",
                        "intervalSeconds": 60,
                        "counterName": "% Committed Bytes In Use"
                    }
                },
                {
                    "type": "dataSources",
                    "apiVersion": "2015-11-01-preview",
                    "name": "VMInsights-LogicalDisk-FreeMegabytes",
                    "dependsOn": [
                        "[concat('Microsoft.OperationalInsights/workspaces/', parameters('workspaceName'))]"
                    ],
                    "kind": "WindowsPerformanceCounter",
                    "properties": {
                        "objectName": "LogicalDisk",
                        "instanceName": "*",
                        "intervalSeconds": 60,
                        "counterName": "Free Megabytes"
                    }
                },
                {
                    "type": "dataSources",
                    "apiVersion": "2015-11-01-preview",
                    "name": "VMInsights-LogicalDisk-PercentFreeSpace",
                    "dependsOn": [
                        "[concat('Microsoft.OperationalInsights/workspaces/', parameters('workspaceName'))]"
                    ],
                    "kind": "WindowsPerformanceCounter",
                    "properties": {
                        "objectName": "LogicalDisk",
                        "instanceName": "*",
                        "intervalSeconds": 60,
                        "counterName": "% Free Space"
                    }
                },
                {
                    "type": "dataSources",
                    "apiVersion": "2015-11-01-preview",
                    "name": "VMInsights-LogicalDisk-CurrentQueueDiskLength",
                    "dependsOn": [
                        "[concat('Microsoft.OperationalInsights/workspaces/', parameters('workspaceName'))]"
                    ],
                    "kind": "WindowsPerformanceCounter",
                    "properties": {
                        "objectName": "LogicalDisk",
                        "instanceName": "*",
                        "intervalSeconds": 60,
                        "counterName": "Current Disk Queue Length"
                    }
                },
                {
                    "type": "dataSources",
                    "apiVersion": "2015-11-01-preview",
                    "name": "VMInsights-LogicalDisk-Avg-DiskSecTransfer",
                    "dependsOn": [
                        "[concat('Microsoft.OperationalInsights/workspaces/', parameters('workspaceName'))]"
                    ],
                    "kind": "WindowsPerformanceCounter",
                    "properties": {
                        "objectName": "LogicalDisk",
                        "instanceName": "*",
                        "intervalSeconds": 60,
                        "counterName": "Avg. Disk sec/Transfer"
                    }
                },
                {
                    "type": "dataSources",
                    "apiVersion": "2015-11-01-preview",
                    "name": "VMInsights-LogicalDisk-Disk-BytesSec",
                    "dependsOn": [
                        "[concat('Microsoft.OperationalInsights/workspaces/', parameters('workspaceName'))]"
                    ],
                    "kind": "WindowsPerformanceCounter",
                    "properties": {
                        "objectName": "LogicalDisk",
                        "instanceName": "*",
                        "intervalSeconds": 60,
                        "counterName": "Disk Bytes/sec"
                    }
                },
                {
                    "type": "dataSources",
                    "apiVersion": "2015-11-01-preview",
                    "name": "VMInsights-LogicalDisk-Disk-ReadBytesSec",
                    "dependsOn": [
                        "[concat('Microsoft.OperationalInsights/workspaces/', parameters('workspaceName'))]"
                    ],
                    "kind": "WindowsPerformanceCounter",
                    "properties": {
                        "objectName": "LogicalDisk",
                        "instanceName": "*",
                        "intervalSeconds": 60,
                        "counterName": "Disk Read Bytes/sec"
                    }
                },
                {
                    "type": "dataSources",
                    "apiVersion": "2015-11-01-preview",
                    "name": "VMInsights-LogicalDisk-Disk-WriteBytesSec",
                    "dependsOn": [
                        "[concat('Microsoft.OperationalInsights/workspaces/', parameters('workspaceName'))]"
                    ],
                    "kind": "WindowsPerformanceCounter",
                    "properties": {
                        "objectName": "LogicalDisk",
                        "instanceName": "*",
                        "intervalSeconds": 60,
                        "counterName": "Disk Write Bytes/sec"
                    }
                },
                {
                    "type": "dataSources",
                    "apiVersion": "2015-11-01-preview",
                    "name": "VMInsights-Logical-Disk-Linux",
                    "dependsOn": [
                        "[concat('Microsoft.OperationalInsights/workspaces/', parameters('workspaceName'))]"
                    ],
                    "kind": "LinuxPerformanceObject",
                    "properties": {
                        "objectName": "Logical Disk",
                        "instanceName": "*",
                        "intervalSeconds": 60,
                        "performanceCounters": [
                            {
                                "counterName": "% Used Space"
                            },
                            {
                                "counterName": "Disk Read Bytes/sec"
                            },
                            {
                                "counterName": "Disk Reads/sec"
                            },
                            {
                                "counterName": "Disk Transfers/sec"
                            },
                            {
                                "counterName": "Disk Write Bytes/sec"
                            },
                            {
                                "counterName": "Disk Writes/sec"
                            },
                            {
                                "counterName": "Free Megabytes"
                            },
                            {
                                "counterName": "Logical Disk Bytes/sec"
                            }
                        ]
                    }
                },
                {
                    "type": "dataSources",
                    "apiVersion": "2015-11-01-preview",
                    "name": "VMInsights-Memory-Linux",
                    "dependsOn": [
                        "[concat('Microsoft.OperationalInsights/workspaces/', parameters('workspaceName'))]"
                    ],
                    "kind": "LinuxPerformanceObject",
                    "properties": {
                        "objectName": "Memory",
                        "instanceName": "*",
                        "intervalSeconds": 60,
                        "performanceCounters": [
                            {
                                "counterName": "Available MBytes Memory"
                            }
                        ]
                    }
                },
                {
                    "type": "dataSources",
                    "apiVersion": "2015-11-01-preview",
                    "name": "VMInsights-Network",
                    "dependsOn": [
                        "[concat('Microsoft.OperationalInsights/workspaces/', parameters('workspaceName'))]"
                    ],
                    "kind": "LinuxPerformanceObject",
                    "properties": {
                        "objectName": "Network",
                        "instanceName": "*",
                        "intervalSeconds": 60,
                        "performanceCounters": [
                            {
                                "counterName": "Total Bytes Received"
                            },
                            {
                                "counterName": "Total Bytes Transmitted"
                            }
                        ]
                    }
                },
                {
                    "type": "dataSources",
                    "apiVersion": "2015-11-01-preview",
                    "name": "VMInsights-Processor-Pct-Processor-Time-Linux",
                    "dependsOn": [
                        "[concat('Microsoft.OperationalInsights/workspaces/', parameters('workspaceName'))]"
                    ],
                    "kind": "LinuxPerformanceObject",
                    "properties": {
                        "objectName": "Processor",
                        "instanceName": "*",
                        "intervalSeconds": 60,
                        "performanceCounters": [
                            {
                                "counterName": "% Processor Time"
                            }
                        ]
                    }
                },
                {
                    "type": "dataSources",
                    "apiVersion": "2015-11-01-preview",
                    "name": "DataSource_LinuxPerformanceCollection",
                    "dependsOn": [
                        "[concat('Microsoft.OperationalInsights/workspaces/', parameters('workspaceName'))]"
                    ],
                    "kind": "LinuxPerformanceCollection",
                    "properties": {
                        "state": "Enabled"
                    }
                }
            ]
        },
        {
            "apiVersion": "2015-11-01-preview",
            "type": "Microsoft.OperationsManagement/solutions",
            "name": "[concat(variables('batch1').solutions[copyIndex()].Name)]",
            "location": "[parameters('workspaceRegion')]",
            "dependsOn": [
                "[concat('Microsoft.OperationalInsights/workspaces/', parameters('workspaceName'))]"
            ],
            "copy": {
                "name": "solutionCopy",
                "count": "[length(variables('batch1').solutions)]"
            },
            "properties": {
                "workspaceResourceId": "[resourceId('Microsoft.OperationalInsights/workspaces', parameters('workspaceName'))]"
            },
            "plan": {
                "name": "[variables('batch1').solutions[copyIndex()].name]",
                "product": "[concat('OMSGallery/', variables('batch1').solutions[copyIndex()].marketplaceName)]",
                "promotionCode": "",
                "publisher": "Microsoft"
            }
        }
    ],
    "outputs": {}
}
