{
    "$schema": "https://schema.management.azure.com/schemas/2015-01-01/deploymentParameters.json#",
    "contentVersion": "1.0.0.0",
    "parameters": {
        "vaultName": {
            "value": "tm-demo-backup-rsv"
          },
          "vaultStorageType": {
            "value": "LocallyRedundant"
          },
          "policyName": {
            "value": "daily-vm-backup-01"
          },
          "instantRpRetentionRangeInDays": {      
            "value": 2
          },
          "dailyRetentionDurationCount": {
            "value": 180
          },
          "scheduleRunTimes": {
            "value": ["01:00:00Z"]
          },
          "timeZone": {
            "value": "UTC"
          }
    }
}