[
    {
        "tagValue": "group-1",
        "config": [
            {
                "name": "updmgmt-group-win-1",
                "description": "Update management group Windows 1",
                "operatingSystem": "Windows",
                "windowDurationHours": 2,
                "dayOfWeek": "Tuesday",
                "dayOfWeekOccurence": "Third",
                "scheduleTime": "02:00"
            },
            {
                "name": "updmgmt-group-lin-1",
                "description": "Update management group Linux 1",
                "operatingSystem": "Linux",
                "windowDurationHours": 2,
                "dayOfWeek": "Tuesday",
                "dayOfWeekOccurence": "Third",
                "scheduleTime": "02:00"
            }

        ]
    },
    {
        "tagValue": "group-2",
        "config": [
            {
                "name": "updmgmt-group-win-2",
                "description": "Update management group Windows 2",
                "operatingSystem": "Windows",
                "windowDurationHours": 2,
                "dayOfWeek": "Thursday",
                "dayOfWeekOccurence": "Third",
                "scheduleTime": "02:00"
            },
            {
                "name": "updmgmt-group-lin-2",
                "description": "Update management group Linux 2",
                "operatingSystem": "Linux",
                "windowDurationHours": 2,
                "dayOfWeek": "Thursday",
                "dayOfWeekOccurence": "Third",
                "scheduleTime": "02:00"
            }

        ]
    }
]
