{
  "$schema": "https://schema.management.azure.com/schemas/2015-01-01/deploymentTemplate.json#",
  "contentVersion": "1.0.0.0",
  "parameters": {
    "vaultName": {
      "type": "string",
      "metadata": {
        "description": "Name of the Vault"
      }
    },
    "vaultStorageType": {
      "type": "string",
      "defaultValue": "GeoRedundant",
      "allowedValues": [
        "LocallyRedundant",
        "GeoRedundant"
      ],
      "metadata": {
        "description": "Change Vault Storage Type (not allowed if the vault has registered backups)"
      }
    },
    "policyName": {
      "type": "string",
      "metadata": {
        "description": "Name of the Backup Policy"
      }
    },
    "instantRpRetentionRangeInDays": {
      "type": "int",
      "defaultValue": 2,
      "allowedValues": [
        1,
        2,
        3,
        4,
        5
      ],
      "metadata": {
        "description": "Number of days Instant Recovery Point should be retained"
      }
    },
    "dailyRetentionDurationCount": {
      "type": "int",
      "defaultValue": 180,
      "metadata": {
        "description": "Number of days you want to retain the backup"
      }
    },
    "scheduleRunTimes": {
      "type": "array",
      "defaultValue": ["01:00:00Z"],
      "metadata": {
        "description": "Times in day when backup should be triggered. e.g. 01:00, 13:00. This will be used in LTR too for daily, weekly, monthly and yearly backup."
      }
    },
    "timeZone": {
      "type": "string",
      "defaultValue": "UTC",
      "metadata": {
        "description": "Any Valid timezone, for example:UTC, Pacific Standard Time. Refer: https://msdn.microsoft.com/en-us/library/gg154758.aspx"
      }
    }
  },
  "variables": {
    "skuName": "RS0",
    "skuTier": "Standard",
    "location": "[resourceGroup().location]"
  },
  "resources": [
    {
      "type": "Microsoft.RecoveryServices/vaults",
      "apiVersion": "2018-01-10",
      "name": "[parameters('vaultName')]",
      "location": "[variables('location')]",
      "sku": {
        "name": "[variables('skuName')]",
        "tier": "[variables('skuTier')]"
      },
      "properties": {}
    },
    {
        "type": "Microsoft.RecoveryServices/vaults/backupstorageconfig",
        "name": "[concat(parameters('vaultName'), '/vaultstorageconfig')]",
        "apiVersion": "2016-12-01",
        "dependsOn": [
          "[resourceId('Microsoft.RecoveryServices/vaults/', parameters('vaultName'))]"
        ],
        "properties": {
          "StorageModelType":"[parameters('vaultStorageType')]"
        }
    },
    {
        "apiVersion": "2016-12-01",
        "name": "[concat(parameters('vaultName'), '/', parameters('policyName'))]",
        "type": "Microsoft.RecoveryServices/vaults/backupPolicies",
        "dependsOn": [
            "[concat('Microsoft.RecoveryServices/vaults/', parameters('vaultName'))]"
        ],
        "location": "[variables('location')]",

        "properties": {
            "backupManagementType": "AzureIaasVM",
            "instantRpRetentionRangeInDays": "[parameters('instantRpRetentionRangeInDays')]",
            "schedulePolicy": {
                "scheduleRunFrequency": "Daily",
                "scheduleRunTimes": "[parameters('scheduleRunTimes')]",
                "schedulePolicyType": "SimpleSchedulePolicy"
            },
            "retentionPolicy": {
                "dailySchedule": {
                    "retentionTimes": "[parameters('scheduleRunTimes')]",
                    "retentionDuration": {
                        "count": "[parameters('dailyRetentionDurationCount')]",
                        "durationType": "Days"
                    }

                },
                "retentionPolicyType": "LongTermRetentionPolicy"
            },
            "timeZone": "[parameters('timeZone')]"
        }
    }
  ]
}