﻿Type,Id,Description
SubscriptionId,3a60e7b7-ac49-45d8-8a8f-ba61cdc5dc1f,Tieto Azure Public Cloud Operations Test
SubscriptionId,89ee7c78-6e08-4f7c-9e5b-10ad08f31a13,Tieto Azure Public Cloud Operations Demo
SubscriptionId,b7bc722b-d5db-4697-9a6f-b4229828496f,StoraEnso - Shared-Services-and-Tools-subscription
SubscriptionId,8e28cad6-cfdf-428b-8f1e-ecd760dd844d,TPC Azure Attune HUS
SubscriptionId,c6b8a6fd-85e8-446c-88ef-92ec6ace17e9,Lyse - DDB Data Platform Non Production
SubscriptionId,1f04b1ed-cbf2-49f2-be4d-8cec92fa4018,Lyse - DDB Data Platform Production
SubscriptionId,91355c9c-1d86-4877-9d5e-080ff9aa14ff,Lyse - Common Azure Services
SubscriptionId,b1875e74-083a-4491-8fd4-48a8990b4ee4,Lyse - Managed Applications Nonprod
SubscriptionId,b9a5fe80-3881-461e-a190-59fdd45e8a66,Lyse - Managed Applications Prod
SubscriptionId,e5f3913a-4b59-46d9-bd7d-8466273a0edd,TietoEVRY Azure DevOps II
SubscriptionId,dabe6d6d-1de7-44d3-a0e2-2ccfbf1bd37e,TPC AZURE Hafslund DEV