{
  "$schema": "https://schema.management.azure.com/schemas/2019-04-01/deploymentTemplate.json#",
  "contentVersion": "1.0.0.0",
  "parameters": {
    "name": {
      "type": "string",
      "metadata": {
        "description": "Name of the Key Vault"
      }
    },
    "sku": {
      "type": "string",
      "metadata": {
        "description": "SKU for the vault"
      }
    },
    "enabledForDeployment": {
      "type": "bool",
      "defaultValue": true,
      "metadata": {
        "description": "Specifies if the vault is enabled for VM or Service Fabric deployment"
      }
    },
    "enabledForTemplateDeployment": {
      "type": "bool",
      "defaultValue": true,
      "metadata": {
        "description": "Specifies if the vault is enabled for ARM template deployment"
      }
    },
    "enableVaultForVolumeEncryption": {
      "type": "bool",
      "defaultValue": false,
      "metadata": {
        "description": "Specifies if the vault is enabled for volume encryption"
      }
    },
    "azureAccountSpn": {
      "type": "string",
      "metadata": {
        "description": "Add SPN executing AzureDevOps Pipeline. This grants the proper access to key vault(Create secrets, etc)."
      }
    },
    "tags": {
      "type": "object",
      "metadata":{
        "description": "Common Tags"
      }
    }
  },
  "variables": {
  },
  "resources": [
    {
      "type": "Microsoft.KeyVault/vaults",
      "name": "[parameters('name')]",
      "apiVersion": "2015-06-01",
      "location": "[resourceGroup().location]",
      "tags": "[parameters('tags')]",
      "properties": {
        "sku": {
          "name": "[parameters('sku')]",
          "family": "A"

        },
        "enabledForDeployment": "[parameters('enabledForDeployment')]",
        "enabledForTemplateDeployment": "[parameters('enabledForTemplateDeployment')]",
        "enabledForVolumeEncryption": "[parameters('enableVaultForVolumeEncryption')]",
        "tenantId": "[subscription().tenantId]",
        "accessPolicies": [
          {
            "tenantId": "[subscription().tenantId]",
            "objectId":  "[parameters('azureAccountSpn')]",
            "permissions": {
              "keys": [ "ALL" ],
              "secrets": [ "ALL" ]
            }
          }
        ]
      }
    },
    {
      "type": "Microsoft.KeyVault/vaults/secrets",
      "name": "[concat(parameters('name'), '/PlaceHolder')]",
      "apiVersion": "2015-06-01",
      "properties": {
        "contentType": "text/plain",
        "value": "PlaceholderValue"
      },
      "dependsOn": [
        "[concat('Microsoft.KeyVault/vaults/', parameters('name'))]"
      ]
    }
  ]
}
