{
  "$schema": "https://schema.management.azure.com/schemas/2019-04-01/deploymentTemplate.json#",
  "contentVersion": "1.0.0.0",
  "parameters": {
    "location": {
      "type": "string",
      "metadata": {
        "description": "Location of the Resource Group"
      }
    },
    "name": {
      "type": "string",
      "metadata": {
        "description": "Name of the Resource Group"
      }
    },
    "tags": {
      "type": "object",
      "metadata":{
        "description": "Common Tags"
      }
    }
  },
  "variables": {},
  "resources": [
    {
      "type": "Microsoft.Resources/resourceGroups",
      "apiVersion": "2018-05-01",
      "location": "[parameters('location')]",
      "name": "[parameters('name')]",
      "tags": "[parameters('tags')]"
    }
  ],
  "outputs": {}
}