{
  "$schema": "https://schema.management.azure.com/schemas/2019-04-01/deploymentTemplate.json#",
  "contentVersion": "1.0.0.0",
  "parameters": {
    "type": {
      "type": "string",
      "defaultValue": "Standard_LRS",
      "metadata": {
        "description": "Type of the Storage Account"
      }
    },
    "name": {
      "type": "string",
      "metadata": {
        "description": "Name of the Storage Account"
      } 
    },
    "tags": {
      "type": "object",
      "metadata":{
        "description": "Common Tags"
      }
    }
  },
  "variables": {
  },
  "resources": [
    {
      "type": "Microsoft.Storage/storageAccounts",
      "name": "[parameters('name')]",
      "apiVersion": "2016-01-01",
      "location": "[resourceGroup().location]",
      "tags": "[parameters('tags')]",
      "sku": {
        "name": "[parameters('type')]"
      },
      "kind": "Storage",
      "properties": {
      }
    }
  ],
  "outputs": {
    "storageAccountName": {
      "type": "string",
      "value": "[parameters('name')]"
    }
  }
}